City_ID,City,Country,Lat,Lng,Max Temp,Humidity,Cloudiness,Wind Speed,Current Description
0,La Ronge,CA,55.1,-105.28,21.45,73,100,3.44,light snow
1,Hammerfest,NO,70.66,23.68,37.85,75,75,6.91,broken clouds
2,Kruisfontein,ZA,-34.0,24.73,66.88,80,90,8.72,overcast clouds
3,Vaini,TO,-21.2,-175.2,78.96,83,75,6.91,broken clouds
4,Lancaster,US,40.25,-76.25,45.63,52,20,8.05,few clouds
5,Castro,BR,-24.79,-50.01,68.85,81,97,6.04,overcast clouds
6,Tilichiki,RU,60.47,166.1,12.2,97,100,10.83,overcast clouds
7,Ugoofaaru,MV,5.67,73.0,80.96,78,100,10.98,overcast clouds
8,Busselton,AU,-33.65,115.33,50.9,83,0,10.54,clear sky
9,Cabo San Lucas,MX,22.89,-109.91,82.18,66,18,9.26,few clouds
10,Cape Town,ZA,-33.93,18.42,66.27,53,0,3.44,clear sky
11,Dingle,PH,11.0,122.67,75.87,92,100,6.44,heavy intensity rain
12,Atuona,PF,-9.8,-139.03,77.65,78,15,18.81,few clouds
13,Georgetown,MY,5.41,100.34,78.73,95,40,6.91,scattered clouds
14,Carnarvon,AU,-24.87,113.63,70.83,55,1,15.28,clear sky
15,Ulladulla,AU,-35.35,150.47,59.04,77,69,4.21,broken clouds
16,Rabaul,PG,-4.2,152.17,80.31,70,100,2.19,overcast clouds
17,Port Elizabeth,ZA,-33.92,25.57,69.1,82,0,13.8,clear sky
18,Pangnirtung,CA,66.15,-65.71,4.08,87,87,3.2,overcast clouds
19,Mackenzie,CA,55.3,-123.17,32.22,86,100,8.05,overcast clouds
20,Iquique,CL,-20.22,-70.14,68.04,69,25,4.92,scattered clouds
21,Pevek,RU,69.7,170.31,-6.9,99,100,1.43,overcast clouds
22,Mataura,NZ,-46.19,168.86,58.48,52,7,2.91,clear sky
23,Luganville,VU,-15.53,167.17,81.61,74,0,0.67,clear sky
24,Albany,US,42.6,-73.97,39.88,47,6,1.01,clear sky
25,Cotonou,BJ,6.37,2.42,82.38,78,20,9.22,few clouds
26,San Policarpo,PH,12.18,125.51,81.63,85,100,14.97,overcast clouds
27,Shakawe,BW,-18.37,21.85,80.73,47,90,9.06,overcast clouds
28,Hamilton,US,39.18,-84.53,45.63,55,75,8.05,broken clouds
29,Lorengau,PG,-2.02,147.27,82.65,77,100,6.78,overcast clouds
30,Thompson,CA,55.74,-97.86,21.36,68,20,4.61,few clouds
31,Jamestown,US,42.1,-79.24,36.99,68,100,3.0,overcast clouds
32,Vardo,NO,70.37,31.11,33.78,75,0,8.05,clear sky
33,Khatanga,RU,71.97,102.5,-13.38,97,100,13.47,overcast clouds
34,Klaksvik,FO,62.23,-6.59,49.12,92,100,28.86,overcast clouds
35,Dikson,RU,73.51,80.55,1.94,93,100,19.55,overcast clouds
36,Pisco,PE,-13.7,-76.22,68.05,73,100,6.91,overcast clouds
37,Bambanglipuro,ID,-7.95,110.28,74.68,91,100,2.51,overcast clouds
38,San Patricio,US,28.02,-97.52,78.66,86,98,14.92,overcast clouds
39,Sechura,PE,-5.56,-80.82,73.44,60,26,17.05,scattered clouds
40,Tabou,CI,4.42,-7.35,78.06,83,100,6.15,light rain
41,Hilo,US,19.73,-155.09,78.24,85,75,5.75,light rain
42,Uruzgan,AF,32.83,66.0,43.32,57,0,0.51,clear sky
43,Isangel,VU,-19.55,169.27,79.27,70,1,7.23,clear sky
44,Batticaloa,LK,7.71,81.69,76.73,85,100,2.8,moderate rain
45,Sutton,GB,51.35,-0.2,54.72,96,40,8.05,light intensity drizzle
46,New Norfolk,AU,-42.78,147.06,42.3,88,100,1.01,moderate rain
47,Aripuana,BR,-9.17,-60.63,90.88,45,74,3.22,broken clouds
48,Ossora,RU,59.24,163.07,20.98,92,100,13.15,light snow
49,Qaanaaq,GL,77.48,-69.36,-4.81,67,9,7.14,clear sky
50,Bengkulu,ID,-3.8,102.27,74.48,91,100,5.73,light rain
51,Barrow,US,71.29,-156.79,8.62,85,75,13.8,broken clouds
52,Ancud,CL,-41.87,-73.82,54.72,97,99,15.17,light rain
53,Koforidua,GH,6.09,-0.26,74.32,89,12,2.3,few clouds
54,Flinders,AU,-34.58,150.86,64.26,78,15,1.99,few clouds
55,Terrak,NO,65.09,12.37,37.27,84,19,3.42,few clouds
56,Avarua,CK,-21.21,-159.78,77.05,53,75,12.66,broken clouds
57,Encruzilhada Do Sul,BR,-30.54,-52.52,63.7,74,1,14.7,clear sky
58,Odweyne,SO,9.41,45.06,67.39,36,2,9.57,clear sky
59,Lipin Bor,RU,60.26,37.98,27.97,78,10,6.96,clear sky
60,Saint-Joseph,RE,-21.37,55.62,70.18,74,39,15.73,scattered clouds
61,Ushuaia,AR,-54.8,-68.3,58.62,67,75,3.44,broken clouds
62,Srandakan,ID,-7.94,110.25,74.73,91,100,2.68,overcast clouds
63,Hay River,CA,60.82,-115.8,24.78,80,75,12.66,broken clouds
64,Iqaluit,CA,63.75,-68.51,10.13,85,75,17.27,broken clouds
65,Rikitea,PF,-23.12,-134.97,74.73,81,100,15.37,overcast clouds
66,Bethel,US,41.37,-73.41,45.01,48,0,8.05,clear sky
67,Kapaa,US,22.08,-159.32,80.92,74,40,13.8,scattered clouds
68,Punta Arenas,CL,-53.15,-70.92,60.82,47,75,8.05,light intensity shower rain
69,Cap Malheureux,MU,-19.98,57.61,71.47,68,57,5.99,light rain
70,Port Alfred,ZA,-33.59,26.89,66.18,81,74,5.99,broken clouds
71,Tuatapere,NZ,-46.13,167.68,60.28,65,100,7.52,light rain
72,Boende,CD,-0.22,20.87,71.37,95,74,1.52,light rain
73,Ilulissat,GL,69.22,-51.1,12.29,94,100,4.16,overcast clouds
74,Hobart,AU,-42.88,147.33,42.66,93,100,13.8,moderate rain
75,Pangkalanbuun,ID,-2.68,111.62,74.7,98,100,2.91,overcast clouds
76,Mahebourg,MU,-20.41,57.7,73.69,56,75,11.5,broken clouds
77,Ostrovnoy,RU,68.05,39.51,29.86,94,97,7.78,overcast clouds
78,Taoudenni,ML,22.68,-3.98,79.83,13,100,12.5,overcast clouds
79,Tuktoyaktuk,CA,69.45,-133.04,19.4,93,100,16.11,light snow
80,Longyearbyen,SJ,78.22,15.64,31.84,74,75,26.46,broken clouds
81,Emirdag,TR,39.02,31.15,43.5,52,0,2.1,clear sky
82,Luderitz,NA,-26.65,15.16,60.62,91,0,7.61,clear sky
83,Esperance,AU,-33.87,121.9,53.38,86,48,8.95,scattered clouds
84,Inirida,CO,3.87,-67.92,86.43,68,88,0.49,overcast clouds
85,Bluff,NZ,-46.6,168.33,58.8,64,53,10.16,broken clouds
86,Eyrarbakki,IS,63.86,-21.15,45.21,89,72,12.93,broken clouds
87,Rafai,CF,4.95,23.92,70.34,64,63,1.23,broken clouds
88,Ayni,TJ,39.39,68.54,28.49,76,94,8.16,overcast clouds
89,Ketchikan,US,55.34,-131.65,43.27,87,100,11.5,overcast clouds
90,San Jose,US,37.34,-121.9,64.36,47,20,4.61,few clouds
91,Puerto Narino,CO,-3.77,-70.38,85.75,67,96,0.89,overcast clouds
92,Cidreira,BR,-30.18,-50.21,74.8,66,16,7.74,few clouds
93,Port-Gentil,GA,-0.72,8.78,78.76,83,20,5.75,few clouds
94,Macklin,CA,52.33,-109.93,25.14,96,97,8.72,overcast clouds
95,Villavicencio,CO,4.14,-73.63,79.14,88,73,2.71,broken clouds
96,Butaritari,KI,3.07,172.79,80.02,81,85,10.18,overcast clouds
97,Valdivia,CL,-39.81,-73.25,60.89,99,100,4.14,overcast clouds
98,Caramay,PH,10.18,119.24,79.21,88,80,3.47,broken clouds
99,Standerton,ZA,-26.93,29.24,55.62,87,2,5.99,clear sky
100,Russas,BR,-4.94,-37.98,81.5,69,81,11.16,broken clouds
101,Saldanha,ZA,-33.01,17.94,62.65,85,100,10.25,overcast clouds
102,San Cristobal,VE,7.77,-72.22,78.98,66,66,3.51,broken clouds
103,Ballina,AU,-28.87,153.57,72.01,68,0,7.63,clear sky
104,Nanakuli,US,21.39,-158.15,83.1,54,0,13.8,clear sky
105,Hermanus,ZA,-34.42,19.23,59.81,68,100,6.82,overcast clouds
106,Patarlagele,RO,45.32,26.36,44.26,85,56,1.88,broken clouds
107,Ginir,ET,7.13,40.7,55.38,37,0,6.2,clear sky
108,Omsukchan,RU,62.53,155.8,-10.5,76,10,2.75,clear sky
109,Geraldton,AU,-28.77,114.6,68.41,30,0,18.41,clear sky
110,Bredasdorp,ZA,-34.53,20.04,62.06,78,100,2.37,overcast clouds
111,Sinnamary,GF,5.38,-52.95,80.42,81,21,11.18,few clouds
112,Kantunilkin,MX,21.09,-87.45,88.74,41,7,6.67,clear sky
113,Sao Joao Da Barra,BR,-21.64,-41.05,80.69,90,97,22.79,overcast clouds
114,Tasiilaq,GL,65.61,-37.64,31.64,98,100,4.61,overcast clouds
115,Mar Del Plata,AR,-38.0,-57.56,60.1,97,100,16.11,drizzle
116,Provideniya,RU,64.38,-173.3,28.51,59,100,13.42,overcast clouds
117,Sao Filipe,CV,14.9,-24.5,75.9,72,62,13.87,broken clouds
118,Kodiak,US,57.79,-152.41,33.31,75,20,3.44,few clouds
119,Teguldet,RU,57.31,88.17,32.88,98,100,7.85,snow
120,Saint George,US,37.1,-113.58,53.44,33,0,5.75,clear sky
121,Pangoa,PE,-12.12,-73.0,77.38,86,66,0.92,light rain
122,Zhigansk,RU,66.77,123.37,-32.53,100,56,1.83,broken clouds
123,East London,ZA,-33.02,27.91,66.33,77,49,18.41,scattered clouds
124,Kirakira,SB,-10.45,161.92,82.54,72,60,3.58,broken clouds
125,Los Llanos De Aridane,ES,28.66,-17.92,71.13,36,0,5.75,clear sky
126,Faanui,PF,-16.48,-151.75,78.64,78,100,8.7,overcast clouds
127,Alvorada,BR,-12.48,-49.12,79.0,72,64,5.79,broken clouds
128,Berlevag,NO,70.86,29.09,39.2,93,75,12.66,light intensity drizzle
129,Saint-Philippe,RE,-21.36,55.77,71.19,75,76,14.9,light rain
130,Chuy,UY,-33.7,-53.46,62.38,88,93,14.32,overcast clouds
131,Itupiranga,BR,-5.13,-49.33,91.72,63,75,3.69,broken clouds
132,Bayburt,TR,40.26,40.23,32.68,90,12,1.86,few clouds
133,Abu Kamal,SY,34.45,40.92,64.89,38,6,7.45,clear sky
134,Whitehorse,CA,60.72,-135.05,41.77,64,75,11.5,broken clouds
135,Cururupu,BR,-1.83,-44.87,79.02,78,53,6.49,broken clouds
136,Heihe,CN,50.24,127.49,19.98,98,71,2.59,broken clouds
137,Ribeira Grande,PT,38.52,-28.7,67.77,77,75,8.01,broken clouds
138,Portland,US,45.52,-122.68,57.61,52,0,18.41,clear sky
139,Kaitangata,NZ,-46.28,169.85,63.77,59,92,3.06,overcast clouds
140,Yulara,AU,-25.24,130.99,63.03,35,0,13.6,clear sky
141,Kieta,PG,-6.22,155.63,81.0,73,92,3.24,overcast clouds
142,Masyaf,SY,35.07,36.34,60.44,55,11,2.64,few clouds
143,Puerto Ayora,EC,-0.74,-90.35,80.56,82,40,8.99,scattered clouds
144,Sarandi,BR,-23.44,-51.87,74.75,69,20,8.05,light rain
145,Namatanai,PG,-3.67,152.43,80.42,74,89,6.64,overcast clouds
146,Puerto Penasco,MX,31.32,-113.53,67.91,29,36,7.0,scattered clouds
147,Mayo,US,38.89,-76.51,51.12,50,0,5.75,clear sky
148,Torbay,CA,47.67,-52.73,44.28,98,100,10.36,light intensity drizzle
149,Bowen,AU,-20.02,148.23,78.82,72,72,2.57,broken clouds
150,Karratha,AU,-20.74,116.85,73.2,67,0,5.3,moderate rain
151,Narsaq,GL,60.92,-46.05,43.02,78,99,5.82,overcast clouds
152,Harper,LR,4.38,-7.72,77.58,85,90,7.29,light rain
153,Padang,ID,-0.95,100.35,74.23,94,100,3.83,overcast clouds
154,Hasaki,JP,35.73,140.83,54.21,79,100,13.4,moderate rain
155,Nargana,PA,9.44,-78.59,80.69,80,66,0.34,moderate rain
156,Port Hardy,CA,50.7,-127.42,41.18,93,100,0.0,overcast clouds
157,Humberto De Campos,BR,-2.6,-43.46,79.79,75,72,8.63,broken clouds
158,Hofn,IS,64.25,-15.21,45.18,87,100,12.84,overcast clouds
159,Quetigny,FR,47.32,5.12,54.54,87,100,4.61,overcast clouds
160,Mount Gambier,AU,-37.83,140.77,47.93,73,95,8.61,light rain
161,Vestmannaeyjar,IS,63.44,-20.27,46.6,86,62,15.3,broken clouds
162,Teya,RU,60.38,92.63,-2.81,100,100,3.18,overcast clouds
163,Celle,DE,52.62,10.08,46.26,92,20,5.75,few clouds
164,Pilar,BR,-9.6,-35.96,78.73,86,26,8.41,scattered clouds
165,Cache Creek,CA,50.81,-121.32,39.92,94,76,1.7,broken clouds
166,Mezen,RU,65.85,44.24,23.0,95,100,2.73,overcast clouds
167,Santa Cruz,BO,-17.8,-63.17,84.25,51,75,13.8,broken clouds
168,Shetpe,KZ,44.17,52.12,39.06,72,65,18.66,broken clouds
169,Cherskiy,RU,68.75,161.3,-22.61,100,100,0.98,overcast clouds
170,Faya,SA,18.39,42.45,59.11,72,12,2.28,few clouds
171,Saint Andrews,US,34.05,-81.13,55.18,52,40,9.22,scattered clouds
172,Anloga,GH,5.79,0.9,81.84,77,18,12.55,few clouds
173,Puerto Carreno,CO,6.19,-67.49,93.18,52,40,4.61,scattered clouds
174,Lagoa,PT,39.05,-27.98,63.3,85,38,16.37,scattered clouds
175,Burns Lake,CA,54.23,-125.75,22.42,78,100,2.84,overcast clouds
176,Kenai,US,60.55,-151.26,35.69,83,0,8.05,clear sky
177,Kuryk,KZ,43.2,51.65,47.8,55,100,20.02,overcast clouds
178,Codrington,AU,-38.27,141.97,49.12,61,100,15.64,overcast clouds
179,Fortuna,US,40.6,-124.16,57.92,71,0,8.05,clear sky
180,Svetlogorsk,BY,52.63,29.73,35.96,85,100,4.63,overcast clouds
181,Vila Franca Do Campo,PT,37.72,-25.43,67.19,94,100,7.99,overcast clouds
182,Ponta Do Sol,PT,32.67,-17.1,68.72,77,100,0.29,overcast clouds
183,Tiksi,RU,71.69,128.87,-10.95,93,100,15.05,overcast clouds
184,High Level,CA,58.52,-117.14,26.71,80,40,6.91,smoke
185,Yellowknife,CA,62.46,-114.35,23.56,100,100,10.36,overcast clouds
186,Saint-Francois,FR,46.42,3.91,53.04,94,75,4.61,broken clouds
187,Mandurah,AU,-32.55,115.7,57.87,65,0,16.73,clear sky
188,Rodrigues Alves,BR,-7.74,-72.65,89.8,96,87,2.28,overcast clouds
189,West Bay,KY,19.37,-81.42,87.08,78,40,12.66,scattered clouds
190,Yeppoon,AU,-23.13,150.73,73.18,75,0,4.18,clear sky
191,Chapais,CA,49.78,-74.85,22.78,90,100,8.39,overcast clouds
192,Arraial Do Cabo,BR,-22.97,-42.03,84.16,78,0,18.41,clear sky
193,Bambous Virieux,MU,-20.34,57.76,73.65,56,75,11.5,broken clouds
194,Aklavik,CA,68.22,-135.01,18.99,94,100,16.11,light snow
195,Galle,LK,6.04,80.22,74.3,89,100,1.68,overcast clouds
196,Kuvandyk,RU,51.48,57.36,26.04,89,100,16.13,overcast clouds
197,Kloulklubed,PW,7.04,134.26,75.7,77,100,10.51,overcast clouds
198,Cockburn Town,TC,21.46,-71.14,82.36,65,40,12.66,scattered clouds
199,Bo Phloi,TH,14.32,99.52,72.52,95,88,4.97,overcast clouds
200,Saskylakh,RU,71.92,114.08,-12.06,90,100,8.34,overcast clouds
201,Kromy,RU,52.69,35.77,29.79,72,10,4.07,clear sky
202,Turayf,SA,31.67,38.66,61.05,100,40,11.5,scattered clouds
203,Marsh Harbour,BS,26.54,-77.06,79.02,72,3,9.89,clear sky
204,Sola,VU,-13.88,167.55,80.8,70,0,1.52,clear sky
205,Javanrud,IR,34.8,46.52,41.4,61,0,3.89,clear sky
206,Lebu,CL,-37.62,-73.65,60.55,79,90,5.66,overcast clouds
207,Chota,PE,-6.55,-78.65,63.34,65,83,3.69,light rain
208,Ndjole,GA,-0.18,10.76,75.15,96,100,0.78,overcast clouds
209,Guerrero Negro,MX,27.98,-114.06,71.17,35,85,6.67,overcast clouds
210,Port Lincoln,AU,-34.73,135.87,52.86,65,99,12.59,overcast clouds
211,Alugan,PH,12.22,125.48,81.03,86,100,14.07,overcast clouds
212,Nan,TH,18.83,100.67,69.98,96,97,1.68,overcast clouds
213,Tupik,RU,54.43,119.93,8.19,95,100,1.19,overcast clouds
214,Casper,US,42.87,-106.31,34.72,49,75,14.97,broken clouds
215,Alakurtti,RU,66.97,30.35,27.75,97,95,4.47,overcast clouds
216,Alyangula,AU,-13.85,136.42,82.58,77,92,7.49,overcast clouds
217,Palana,RU,59.12,159.97,15.39,65,100,10.63,overcast clouds
218,Baherden,TM,38.44,57.43,52.79,58,0,9.91,clear sky
219,Japura,ID,-0.32,102.35,73.6,96,100,1.66,heavy intensity rain
220,Coihaique,CL,-45.58,-72.07,61.41,47,40,10.36,scattered clouds
221,Mafinga,TZ,-7.25,35.07,75.61,47,61,0.45,broken clouds
222,Ghogha,IN,21.68,72.28,79.65,59,0,8.43,clear sky
223,Vao,NC,-22.67,167.48,75.04,69,67,5.73,broken clouds
224,Kamenka,RU,51.32,42.77,27.64,66,6,10.94,clear sky
225,Asau,RO,46.43,26.4,40.28,91,47,1.92,scattered clouds
226,Nemuro,JP,43.32,145.57,38.16,61,56,2.28,broken clouds
227,Salaga,GH,8.55,-0.52,83.52,50,70,3.18,broken clouds
228,Glasgow,GB,55.87,-4.26,54.81,87,75,11.01,broken clouds
229,Nova Venecia,BR,-18.71,-40.4,79.29,69,93,12.39,overcast clouds
230,Kiama,AU,-34.68,150.87,66.0,78,31,6.55,scattered clouds
231,Yumen,CN,40.28,97.2,32.58,33,86,5.75,overcast clouds
232,Severo-Kurilsk,RU,50.68,156.12,33.64,93,99,22.53,light snow
233,Fort Nelson,CA,58.81,-122.7,32.95,78,75,6.91,broken clouds
234,Bend,US,44.06,-121.32,42.6,83,17,3.0,few clouds
235,Trabzon,TR,40.92,39.83,51.89,82,75,0.0,broken clouds
236,Batagay-Alyta,RU,67.8,130.41,-20.29,96,82,4.5,broken clouds
237,Sheridan,US,44.83,-106.92,32.02,85,100,24.16,haze
238,Sao Domingos,BR,-13.4,-46.32,76.41,70,100,4.81,overcast clouds
239,Sulmona,IT,42.05,13.93,52.43,87,8,2.84,clear sky
240,Beringovskiy,RU,63.05,179.32,29.34,84,25,13.96,scattered clouds
241,Maceio,BR,-9.67,-35.74,80.04,78,20,14.97,few clouds
242,Maniitsoq,GL,65.42,-52.9,27.57,94,100,21.81,light snow
243,Borovskoy,KZ,53.8,64.15,29.57,92,100,15.17,overcast clouds
244,Madimba,TZ,-10.4,40.33,76.77,84,14,8.39,few clouds
245,Porto Novo,BJ,6.5,2.6,82.22,81,2,6.33,clear sky
246,Norman Wells,CA,65.28,-126.83,14.04,85,75,9.22,broken clouds
247,Miles City,US,46.41,-105.84,27.57,86,100,19.57,overcast clouds
248,Zhenhai,CN,24.26,118.09,71.08,85,3,9.06,clear sky
249,Mackay,AU,-21.15,149.2,76.68,77,62,6.53,broken clouds
250,Mushie,CD,-3.02,16.9,72.95,90,100,3.04,overcast clouds
251,Broken Hill,AU,-31.95,141.43,52.61,71,36,13.2,scattered clouds
252,Nacala,MZ,-14.54,40.67,76.1,86,1,6.85,clear sky
253,Poronaysk,RU,49.22,143.12,25.95,66,99,3.42,overcast clouds
254,Ada,US,43.42,-116.13,37.87,68,0,4.61,clear sky
255,Ivaipora,BR,-24.25,-51.68,70.86,85,100,6.06,light rain
256,Mukhen,RU,48.1,136.1,24.28,53,89,4.25,overcast clouds
257,Buala,SB,-8.14,159.59,82.17,71,56,3.69,broken clouds
258,Lata,PT,40.16,-8.33,59.07,96,100,5.06,overcast clouds
259,Dunedin,NZ,-45.87,170.5,60.8,75,98,8.01,overcast clouds
260,Strelka,RU,58.07,93.03,27.01,97,100,6.04,light snow
261,Yagodnoye,RU,62.55,149.67,-22.92,98,98,3.04,overcast clouds
262,Chokurdakh,RU,70.63,147.92,-15.43,98,100,10.33,overcast clouds
263,Edirne,TR,41.68,26.56,48.43,74,100,4.85,overcast clouds
264,Udankudi,IN,8.43,78.02,77.63,79,100,5.35,moderate rain
265,Lompoc,US,34.64,-120.46,69.94,42,0,9.22,clear sky
266,Quito,EC,-0.23,-78.52,61.75,88,100,3.13,light rain
267,Dudinka,RU,69.41,86.18,-31.86,99,23,2.51,few clouds
268,Anadyr,RU,64.75,177.48,27.1,86,0,15.66,clear sky
269,San Luis,AR,-33.3,-66.34,77.79,21,0,3.56,clear sky
270,Otautau,NZ,-46.15,168.0,58.44,63,98,3.85,overcast clouds
271,Owando,CG,-0.48,15.9,75.07,82,100,2.64,overcast clouds
272,Walvis Bay,NA,-22.96,14.51,61.75,88,0,2.3,clear sky
273,Tanabi,BR,-20.63,-49.65,88.02,42,85,8.41,overcast clouds
274,Tonk,IN,26.17,75.78,69.35,37,0,5.48,clear sky
275,Khuzhir,RU,53.19,107.34,36.37,66,99,14.99,overcast clouds
276,Havre-Saint-Pierre,CA,50.23,-63.6,26.6,80,100,18.41,light snow
277,Victoria,HK,22.29,114.16,75.38,81,100,5.99,overcast clouds
278,Clyde River,CA,70.47,-68.59,-5.57,84,0,13.8,clear sky
279,Belaya Gora,RU,68.53,146.42,-30.21,98,82,4.32,broken clouds
280,Upernavik,GL,72.79,-56.15,21.99,91,100,20.24,light snow
281,Demirci,TR,39.05,28.66,43.16,67,8,6.91,clear sky
282,Broome,US,42.25,-75.83,37.45,70,100,6.91,overcast clouds
283,Nikolskoye,RU,59.7,30.79,33.8,98,100,5.46,snow
284,Mangrol,IN,21.12,70.12,76.24,57,0,5.39,clear sky
285,Hithadhoo,MV,-0.6,73.08,81.57,79,100,16.53,overcast clouds
286,Saint Anthony,US,45.02,-93.22,30.65,88,100,11.5,overcast clouds
287,Whitehaven,GB,54.55,-3.58,50.65,100,92,7.0,overcast clouds
288,Tambovka,RU,50.1,128.05,9.86,98,94,2.53,overcast clouds
289,Bondoukou,CI,8.03,-2.8,76.68,67,100,2.04,overcast clouds
290,Mayor Pablo Lagerenza,PY,-19.93,-60.77,90.5,38,44,4.16,scattered clouds
291,Gushikawa,JP,26.35,127.87,70.83,76,100,6.91,overcast clouds
292,Vila Velha,BR,-20.33,-40.29,78.75,88,75,20.71,broken clouds
293,Kualakapuas,ID,-3.01,114.39,74.71,96,100,1.28,overcast clouds
294,Ponta Delgada,PT,37.73,-25.67,67.5,94,75,11.5,broken clouds
295,Caravelas,BR,-17.71,-39.25,76.95,87,10,10.78,clear sky
296,Tripoli,LY,32.88,13.19,69.85,54,0,4.63,clear sky
297,Mahon,ES,39.89,4.27,66.76,82,40,9.22,scattered clouds
298,Verkhnyaya Khava,RU,51.84,39.94,24.87,69,1,8.72,clear sky
299,Acapulco,MX,16.86,-99.89,84.51,69,63,7.81,broken clouds
300,Deputatskiy,RU,69.3,139.9,-24.0,96,99,5.88,overcast clouds
301,Khurba,RU,50.41,136.88,14.77,95,29,1.34,scattered clouds
302,Awjilah,LY,29.11,21.29,61.36,38,0,3.04,clear sky
303,Laguna,US,38.42,-121.42,63.18,51,0,5.75,clear sky
304,Alenquer,BR,-1.94,-54.74,91.09,45,54,7.18,broken clouds
305,Chicama,PE,-7.84,-79.15,64.94,67,28,10.13,scattered clouds
306,Komsomolets,KZ,53.75,62.07,23.18,92,100,17.72,light snow
307,Auki,SB,-8.77,160.7,81.3,73,14,2.55,few clouds
308,Simao,CN,22.79,100.97,56.05,92,0,1.05,clear sky
309,Nenjiang,CN,49.18,125.22,16.2,89,11,0.98,few clouds
310,Tautira,PF,-17.73,-149.15,77.16,81,70,4.0,light rain
311,Simoes,BR,-7.6,-40.82,85.26,45,96,8.77,overcast clouds
312,Nanortalik,GL,60.14,-45.24,30.58,92,99,8.46,overcast clouds
313,Tessalit,ML,20.2,1.01,75.38,17,78,10.38,broken clouds
314,Bereda,ES,43.27,-7.54,54.41,91,100,11.39,overcast clouds
315,Galesong,ID,-5.32,119.37,75.22,83,99,3.91,overcast clouds
316,Batagay,RU,67.63,134.63,-28.53,100,82,2.19,broken clouds
317,Kavieng,PG,-2.57,150.8,82.56,72,98,10.92,overcast clouds
318,Hervey Bay,AU,-25.3,152.85,73.36,81,2,7.85,clear sky
319,Edd,ER,13.93,41.69,81.75,62,0,17.69,clear sky
320,Karachi,PK,24.91,67.08,73.22,88,0,2.3,smoke
321,Arteche,PH,12.26,125.4,79.34,89,100,10.83,overcast clouds
322,Tocache,PE,-8.18,-76.51,79.72,92,100,0.31,overcast clouds
323,Ewa Beach,US,21.32,-158.01,83.08,63,0,13.8,clear sky
324,Makaryev,RU,57.88,43.81,27.37,84,89,10.98,overcast clouds
325,Christchurch,NZ,-43.53,172.63,65.95,79,100,17.27,overcast clouds
326,Palmer,US,42.16,-72.33,42.49,40,20,11.5,few clouds
327,Korla,CN,41.76,86.15,33.94,57,3,5.61,clear sky
328,Touros,BR,-5.2,-35.46,79.38,77,24,12.59,few clouds
329,Bac Lieu,VN,9.28,105.72,78.6,88,100,10.74,overcast clouds
330,Mnogovershinnyy,RU,53.94,139.92,5.68,92,25,3.31,scattered clouds
331,Saint-Augustin,CA,51.23,-58.65,27.93,94,100,22.5,snow
332,Ilo,PE,-17.64,-71.34,70.66,60,0,13.8,clear sky
333,Da Nang,VN,16.07,108.22,78.78,89,40,3.44,scattered clouds
334,Amahai,ID,-3.33,128.92,79.48,84,100,2.84,overcast clouds
335,Show Low,US,34.25,-110.03,45.09,36,0,5.75,clear sky
336,Surt,LY,31.21,16.59,69.24,56,0,8.93,clear sky
337,Tibagi,BR,-24.51,-50.41,71.1,84,100,4.41,overcast clouds
338,Wetaskiwin,CA,52.97,-113.37,34.02,92,19,5.44,few clouds
339,Saint-Georges,GD,12.06,-61.75,85.68,74,20,23.02,few clouds
340,Hualmay,PE,-11.1,-77.61,67.6,74,15,8.93,few clouds
341,Muroto,JP,33.28,134.15,61.03,59,99,7.38,overcast clouds
342,Punta Alta,AR,-38.88,-62.07,71.11,47,6,11.27,clear sky
343,Poum,NC,-20.23,164.02,75.72,79,50,4.27,scattered clouds
344,Tra Vinh,VN,9.93,106.35,77.68,88,96,6.98,overcast clouds
345,Maneromango,TZ,-7.2,38.78,67.06,95,0,2.86,clear sky
346,Leningradskiy,RU,69.38,178.42,1.15,95,87,5.3,overcast clouds
347,Bourail,NC,-21.57,165.48,76.66,70,12,0.87,few clouds
348,Wonosobo,ID,-7.36,109.9,68.41,95,100,1.25,overcast clouds
349,Mareeba,AU,-17.0,145.43,74.12,94,74,2.08,broken clouds
350,Itarema,BR,-2.92,-39.92,80.04,77,85,15.23,overcast clouds
351,Airai,TL,-8.93,125.41,60.69,84,74,2.21,broken clouds
352,Koungou,YT,-12.73,45.2,78.51,83,20,11.5,few clouds
353,Ghanzi,BW,-21.57,21.78,77.77,43,23,14.34,few clouds
354,Igarka,RU,67.47,86.58,-25.4,92,12,5.32,few clouds
355,Pascagoula,US,30.37,-88.56,64.42,68,20,9.01,few clouds
356,Kununurra,AU,-15.77,128.73,78.78,89,82,0.0,broken clouds
357,Nara,JP,34.69,135.8,47.5,77,4,1.9,clear sky
358,Bubaque,GW,11.28,-15.83,83.61,70,58,13.49,broken clouds
359,Choya,RU,52.01,86.55,34.14,80,100,4.0,overcast clouds
360,Itamarandiba,BR,-17.86,-42.86,70.32,83,100,1.7,moderate rain
361,Sibenik,HR,43.73,15.91,58.66,97,84,1.01,moderate rain
362,Coshocton,US,40.27,-81.86,45.46,55,31,1.01,scattered clouds
363,Mandan,US,46.83,-100.89,20.8,88,100,5.75,overcast clouds
364,Ocampo,MX,21.65,-101.5,73.42,19,27,17.38,scattered clouds
365,Miraflores,MX,19.22,-98.81,78.98,36,19,4.54,few clouds
366,Samarai,PG,-10.62,150.67,82.71,76,77,7.92,broken clouds
367,Nhulunbuy,AU,-12.23,136.77,79.41,89,40,3.44,scattered clouds
368,Cortez,US,37.35,-108.59,40.03,49,3,19.1,clear sky
369,Dicabisagan,PH,17.08,122.42,77.43,89,63,3.96,broken clouds
370,Les Cayes,HT,18.2,-73.75,83.59,68,43,4.07,scattered clouds
371,Seoul,KR,37.57,126.98,42.24,87,0,3.44,clear sky
372,Husavik,IS,66.04,-17.34,41.88,93,100,6.08,overcast clouds
373,Douglas,US,41.3,-96.17,33.58,74,100,6.91,overcast clouds
374,Sadat,IN,25.68,83.28,63.27,49,0,4.34,clear sky
375,Sitia,GR,35.2,26.1,62.98,68,71,20.96,broken clouds
376,Salamanca,ES,40.83,-6.0,50.99,94,100,10.07,overcast clouds
377,Tiznit,MA,29.58,-9.5,69.13,25,43,2.66,scattered clouds
378,Elat,IL,29.56,34.95,73.24,64,48,9.22,scattered clouds
379,Sindi,IN,20.8,78.87,61.68,57,0,4.23,clear sky
380,Zaozhuang,CN,34.86,117.55,42.94,56,80,3.87,broken clouds
381,Villanueva,HN,15.32,-88.0,84.04,74,75,11.5,broken clouds
382,Ust-Omchug,RU,61.15,149.63,-17.21,96,97,2.13,overcast clouds
383,Zhangye,CN,38.93,100.45,35.51,22,53,6.64,broken clouds
384,Arlit,NE,18.74,7.39,72.81,15,6,13.2,clear sky
385,Ixtapa,MX,20.7,-105.2,80.22,68,93,5.01,overcast clouds
386,Muyezerskiy,RU,63.93,31.65,32.61,98,100,1.59,overcast clouds
387,Rawson,AR,-43.3,-65.1,73.67,31,20,4.94,few clouds
388,La Rioja,ES,42.25,-2.5,42.58,80,100,6.53,overcast clouds
389,Bagnols-Sur-Ceze,FR,44.16,4.62,57.42,82,100,8.05,overcast clouds
390,Oyama,JP,36.3,139.8,56.59,58,100,5.12,light rain
391,Resistencia,AR,-27.46,-58.98,85.08,21,0,13.8,clear sky
392,Mookane,BW,-23.69,26.66,69.78,63,4,15.32,clear sky
393,Teguise,ES,29.06,-13.56,75.42,21,0,6.91,clear sky
394,Omboue,GA,-1.57,9.26,76.24,88,94,4.94,overcast clouds
395,Hvide Sande,DK,56.0,8.13,47.5,87,2,18.3,clear sky
396,Naze,JP,28.37,129.48,65.32,73,69,12.44,broken clouds
397,Port Blair,IN,11.67,92.75,80.17,82,100,9.13,overcast clouds
398,Sitka,US,57.05,-135.33,43.7,94,100,6.64,moderate rain
399,Scarborough,GB,54.28,-0.4,49.66,92,0,7.31,clear sky
400,Alofi,NU,-19.06,-169.92,76.89,94,100,10.36,light intensity shower rain
401,Coquimbo,CL,-29.95,-71.34,67.73,68,0,14.97,clear sky
402,Sarangani,PH,5.4,125.46,83.91,73,100,13.06,overcast clouds
403,Awbari,LY,26.59,12.78,60.57,37,0,4.47,clear sky
404,Joshimath,IN,30.57,79.57,47.17,79,90,4.36,overcast clouds
405,Eqbaliyeh,IR,35.3,51.54,57.02,44,0,1.19,clear sky
406,Rorvik,NO,64.86,11.24,41.11,93,20,6.91,few clouds
407,Shalya,RU,57.25,58.73,13.82,92,100,8.55,light snow
408,Wahiawa,US,21.5,-158.02,79.86,68,8,11.23,clear sky
409,Nea Kallikratia,GR,40.32,23.07,57.16,75,79,5.77,broken clouds
410,Morondava,MG,-20.28,44.28,78.39,83,47,8.72,moderate rain
411,Maromitsa,RU,59.87,48.01,19.65,80,100,10.85,overcast clouds
412,Najran,SA,17.49,44.13,63.25,38,0,0.51,clear sky
413,Ahuimanu,US,21.44,-157.84,82.85,67,5,7.0,clear sky
414,Qui Nhon,VN,13.77,109.23,75.16,90,99,7.16,overcast clouds
415,Yar-Sale,RU,66.83,70.83,-1.59,90,98,8.21,overcast clouds
416,Elliot Lake,CA,46.38,-82.63,30.52,41,67,3.69,broken clouds
417,Urengoy,RU,65.97,78.37,-10.48,84,100,10.27,overcast clouds
418,Le Moule,GP,16.33,-61.35,82.44,100,67,3.0,broken clouds
419,Ahipara,NZ,-35.17,173.17,66.96,67,26,5.59,scattered clouds
420,Oranjemund,NA,-28.55,16.43,61.57,90,26,7.38,scattered clouds
421,Wawa,NG,9.9,4.42,76.75,33,31,3.65,scattered clouds
422,Lavrentiya,RU,65.58,-171.0,18.79,79,100,4.05,overcast clouds
423,Antipovka,RU,49.83,45.31,28.72,62,6,13.85,clear sky
424,Mao,ES,39.89,4.27,66.76,82,40,9.22,scattered clouds
425,Copiapo,CL,-27.37,-70.33,65.89,18,0,7.83,clear sky
426,Dolores,AR,-36.31,-57.68,71.31,49,88,21.32,overcast clouds
427,Baie-Comeau,CA,49.22,-68.15,33.48,86,100,9.22,overcast clouds
428,Williams Lake,CA,52.14,-122.14,28.06,81,20,6.91,few clouds
429,Sundargarh,IN,22.12,84.03,59.16,57,3,4.07,clear sky
430,Vyartsilya,RU,62.18,30.69,35.62,100,100,3.36,overcast clouds
431,Namibe,AO,-15.2,12.15,66.25,81,6,10.36,clear sky
432,Weligama,LK,5.97,80.42,73.45,91,100,1.99,overcast clouds
433,Excelsior Springs,US,39.34,-94.23,43.57,61,100,5.75,overcast clouds
434,Acheng,CN,45.55,126.98,15.42,95,29,4.92,scattered clouds
435,Voskresenskoye,RU,56.84,45.43,26.82,70,100,13.04,overcast clouds
436,Kushiro,JP,42.98,144.37,37.04,65,100,3.94,overcast clouds
437,Rudsar,IR,37.14,50.29,58.98,82,99,6.38,overcast clouds
438,Rio Claro,BR,-22.41,-47.56,81.07,56,57,3.6,broken clouds
439,Kodinsk,RU,58.69,99.18,-3.68,99,56,2.3,broken clouds
440,Kapuskasing,CA,49.42,-82.43,24.89,80,75,9.22,broken clouds
441,Yerbogachen,RU,61.28,108.01,-19.05,95,7,5.55,clear sky
442,Marawi,PH,8.0,124.29,68.11,92,100,3.06,overcast clouds
443,Diffa,NE,13.32,12.61,75.22,21,9,9.19,clear sky
444,Tuy Hoa,VN,13.08,109.3,74.61,92,76,4.5,broken clouds
445,Klyuchi,RU,52.27,79.17,40.62,75,100,19.08,overcast clouds
446,Barabai,ID,-2.58,115.38,73.53,98,100,1.07,overcast clouds
447,Novo Aripuana,BR,-5.12,-60.38,87.87,58,87,0.76,moderate rain
448,Pelym,RU,61.01,62.0,8.29,89,100,13.2,overcast clouds
449,Kulhudhuffushi,MV,6.62,73.07,81.57,74,100,7.9,overcast clouds
450,Jabinyanah,TN,35.03,10.91,62.4,49,0,9.86,clear sky
451,Polyarnyye Zori,RU,67.37,32.5,23.86,96,98,3.83,overcast clouds
452,Elko,US,41.0,-115.5,30.63,59,25,3.89,scattered clouds
453,Banda Aceh,ID,5.56,95.32,77.7,82,100,5.12,overcast clouds
454,Guanica,PR,17.97,-66.91,85.05,82,65,10.29,broken clouds
455,Nelson Bay,AU,-32.72,152.15,68.09,66,1,8.01,clear sky
456,Solnechnyy,RU,50.72,136.63,15.15,87,8,2.37,clear sky
457,Te Anau,NZ,-45.42,167.72,61.3,60,100,5.86,moderate rain
458,Avera,US,33.19,-82.53,56.37,45,51,9.75,broken clouds
459,Bernalillo,US,35.05,-106.67,51.66,44,61,3.0,broken clouds
460,Bathsheba,BB,13.22,-59.52,84.81,79,40,18.41,scattered clouds
461,Malayal,PH,7.21,121.94,80.13,81,100,3.27,overcast clouds
462,Nome,US,64.5,-165.41,10.58,92,14,4.63,few clouds
463,Mizdah,LY,31.45,12.98,56.62,45,1,2.35,clear sky
464,Belomorsk,RU,64.52,34.77,32.86,92,100,3.76,overcast clouds
465,Nantucket,US,41.28,-70.1,44.15,60,1,15.97,clear sky
466,Salalah,OM,17.02,54.09,75.02,61,4,2.53,clear sky
467,Moree,AU,-29.47,149.85,64.83,59,0,9.01,clear sky
468,Cayenne,GF,4.93,-52.33,84.24,74,0,11.5,clear sky
469,Vaitape,PF,-16.52,-151.75,78.58,78,100,8.77,overcast clouds
470,Quirinopolis,BR,-18.45,-50.45,86.32,42,84,1.68,broken clouds
471,Makakilo City,US,21.35,-158.09,81.68,64,3,14.61,clear sky
472,Afogados Da Ingazeira,BR,-7.75,-37.64,85.39,38,92,4.97,overcast clouds
473,Nokaneng,BW,-19.67,22.27,81.14,41,49,9.64,scattered clouds
474,Boueni,YT,-12.9,45.08,78.78,81,1,10.54,clear sky
475,Fort Frances,CA,48.6,-93.4,28.17,78,100,10.36,overcast clouds
476,Hobyo,SO,5.35,48.53,79.99,72,8,12.86,clear sky
477,Krasnoselkup,RU,65.7,82.47,-15.39,88,44,9.89,scattered clouds
478,Bilibino,RU,68.05,166.44,-15.12,100,98,3.27,overcast clouds
479,Mega,ET,4.05,38.3,61.45,76,69,6.85,broken clouds
480,Zaykovo,RU,57.56,62.76,17.47,92,100,12.64,light snow
481,Qaqortoq,GL,60.72,-46.03,25.36,83,97,5.46,overcast clouds
482,Rincon,US,32.3,-81.24,59.92,73,100,6.8,overcast clouds
483,Oriximina,BR,-1.77,-55.87,91.08,46,58,6.64,broken clouds
484,Partizansk,RU,43.13,133.13,27.14,72,15,3.15,few clouds
485,Brus Laguna,HN,15.75,-84.48,83.68,68,28,5.5,light rain
486,Lasa,IT,46.62,10.7,39.02,86,49,0.47,scattered clouds
487,Waingapu,ID,-9.66,120.26,80.01,82,78,3.0,broken clouds
488,Ambon,ID,-3.7,128.18,78.24,15,40,4.61,scattered clouds
489,Bukan,IR,36.52,46.21,43.61,49,0,5.06,clear sky
490,Atambua,ID,-9.11,124.89,75.25,86,66,2.93,broken clouds
491,Kavaratti,IN,10.57,72.64,79.68,81,98,8.79,overcast clouds
492,Kamalia,PK,30.73,72.65,59.56,65,1,8.5,clear sky
493,Grand-Santi,GF,4.25,-54.38,82.26,65,100,3.51,overcast clouds
494,Chitipa,MW,-9.7,33.27,72.66,46,95,2.13,overcast clouds
495,Diego De Almagro,CL,-26.37,-70.05,80.78,14,0,13.71,clear sky
496,General Pico,AR,-35.66,-63.76,77.68,29,0,15.01,clear sky
497,Yeniseysk,RU,58.45,92.17,26.44,96,100,7.09,light snow
498,Bhuban,IN,20.88,85.83,63.01,60,2,3.27,clear sky
499,Pathein,MM,16.78,94.73,72.95,79,100,3.56,overcast clouds
500,Katsuura,JP,35.13,140.3,57.61,85,100,12.77,overcast clouds
501,Luang Prabang,LA,19.89,102.13,70.54,92,78,0.85,broken clouds
502,Praya,CV,14.92,-23.51,77.54,69,20,11.5,few clouds
503,Kailua,US,21.4,-157.74,83.14,68,4,7.0,clear sky
504,Lodja,CD,-3.48,23.43,68.9,95,72,1.45,light rain
505,Mamaku,NZ,-38.1,176.08,61.77,49,0,2.86,clear sky
506,Burnie,AU,-41.07,145.92,43.95,72,65,14.52,broken clouds
507,Hovd,MN,48.01,91.64,22.42,39,0,4.65,clear sky
508,Knysna,ZA,-34.04,23.05,72.39,42,99,7.74,overcast clouds
509,Viedma,AR,-40.81,-63.0,76.46,23,100,8.81,overcast clouds
510,Zyryanovsk,KZ,49.74,84.27,32.76,73,100,1.74,overcast clouds
511,North Myrtle Beach,US,33.82,-78.68,58.05,61,86,5.01,overcast clouds
512,Tazmalt,DZ,36.39,4.4,60.3,69,4,1.63,clear sky
513,Sesori,SV,13.72,-88.37,86.05,62,70,1.48,broken clouds
514,Saint-Pierre,RE,-21.34,55.48,71.28,68,20,14.97,few clouds
515,Honningsvag,NO,70.98,25.97,37.15,87,75,21.85,broken clouds
516,Goderich,CA,43.75,-81.72,35.91,86,100,4.61,light snow
517,Warrnambool,AU,-38.38,142.48,49.39,66,100,16.89,overcast clouds
518,Axim,GH,4.87,-2.24,78.91,84,100,7.25,overcast clouds
519,Boddam,GB,57.47,-1.78,50.49,85,98,23.98,overcast clouds
520,North Bend,US,43.41,-124.22,56.16,88,0,1.99,clear sky
521,Humaita,BR,-7.51,-63.02,78.6,82,86,4.88,moderate rain
522,Dogondoutchi,NE,13.64,4.03,79.25,16,4,8.86,clear sky
523,Lodeynoye Pole,RU,60.73,33.55,34.59,94,100,5.73,overcast clouds
524,Pedernales,DO,18.04,-71.74,83.52,69,10,5.35,clear sky
525,Andros Town,BS,24.7,-77.77,82.36,69,2,10.25,clear sky
526,Hermon,US,44.81,-68.91,36.48,57,13,1.99,few clouds
527,Manakara,MG,-22.13,48.02,71.2,90,100,5.06,light rain
528,Koshurnikovo,RU,54.17,93.3,21.56,95,100,2.59,overcast clouds
529,Ushumun,RU,52.78,126.53,7.77,99,95,3.71,overcast clouds
530,Vanimo,PG,-2.67,141.3,76.44,92,100,4.41,heavy intensity rain
531,Baghdad,IQ,33.34,44.4,58.91,77,1,1.14,clear sky
532,Dauphin,CA,51.15,-100.05,15.94,79,100,2.3,overcast clouds
533,Taltal,CL,-25.4,-70.48,67.21,65,24,4.29,few clouds
534,Sweetwater,US,25.76,-80.37,84.02,72,91,1.99,overcast clouds
535,Rudnogorsk,RU,57.26,103.75,7.92,98,76,1.99,broken clouds
536,Bosanska Krupa,BA,44.88,16.15,47.52,96,99,1.07,overcast clouds
537,Ipanema,BR,-30.14,-51.22,84.18,40,40,19.57,scattered clouds
538,Afonso Bezerra,BR,-5.5,-36.51,83.86,55,31,18.37,scattered clouds
539,America Dourada,BR,-11.46,-41.44,78.51,52,80,7.74,broken clouds
540,Oxford,GB,51.75,-1.26,53.19,96,20,5.75,few clouds
541,Meulaboh,ID,4.14,96.13,75.02,92,100,4.56,overcast clouds
542,Santa Rosa Del Sur,CO,7.96,-74.05,76.06,88,72,1.88,broken clouds
543,Cam Ranh,VN,11.92,109.16,78.76,89,40,4.61,scattered clouds
544,Tobermory,CA,45.25,-81.67,35.02,51,100,7.54,overcast clouds
545,Yatou,CN,37.15,122.38,41.85,58,0,5.61,clear sky
546,Jimenez,MX,28.33,-105.4,67.64,30,4,8.46,clear sky
547,Miri,MY,4.41,114.01,73.54,94,40,4.61,light rain
548,Valle De Allende,MX,26.93,-105.4,69.89,21,10,8.16,clear sky
549,San Juan Tecuaco,GT,14.08,-90.26,81.93,69,87,5.64,overcast clouds
550,Gribanovskiy,RU,51.46,41.98,28.26,65,4,11.03,clear sky
551,Atikokan,CA,48.76,-91.62,24.82,91,100,8.19,light snow
552,Lamu,KE,-2.27,40.9,80.82,83,100,6.98,overcast clouds
553,Orgita,EE,58.92,24.45,41.59,99,30,5.1,scattered clouds
554,Jacksonville,US,30.33,-81.66,69.1,83,75,10.36,broken clouds
555,Nuuk,GL,64.18,-51.72,29.01,93,100,11.5,overcast clouds
556,Eureka,US,40.8,-124.16,59.2,85,0,1.01,clear sky
557,Maumere,ID,-8.62,122.21,80.8,82,55,3.38,broken clouds
558,Constitucion,CL,-35.33,-72.42,65.34,67,8,17.58,clear sky
559,Sri Aman,MY,1.24,111.46,73.08,99,100,0.67,overcast clouds
560,Churapcha,RU,62.0,132.43,-31.29,100,97,7.2,overcast clouds
561,Richards Bay,ZA,-28.78,32.04,65.43,81,8,2.57,clear sky
562,Khasan,RU,42.43,130.64,35.38,63,94,10.49,overcast clouds
563,Vila,PT,42.03,-8.16,48.7,89,100,8.63,overcast clouds
564,Ankazoabo,MG,-22.28,44.52,72.72,80,99,4.63,light rain
565,Horta,PT,38.53,-28.63,66.02,81,75,7.0,broken clouds
566,Coahuayana,MX,18.73,-103.68,86.5,60,88,5.3,overcast clouds
567,Balikpapan,ID,-1.27,116.83,74.39,100,40,4.61,moderate rain
568,Mae Hong Son,TH,19.3,97.97,69.73,86,100,1.68,overcast clouds
569,Antalaha,MG,-14.9,50.28,70.11,90,8,5.19,clear sky
570,Maragogi,BR,-9.01,-35.22,76.75,85,23,9.44,few clouds
571,Dirba,IN,30.07,75.98,66.38,55,76,5.59,broken clouds
572,Shingu,JP,33.73,135.98,50.02,74,52,5.95,broken clouds
573,Olinda,BR,-8.01,-34.86,79.3,77,46,10.11,scattered clouds
574,Wilmington,US,34.23,-77.94,57.0,56,100,5.99,overcast clouds
575,Alice Springs,AU,-23.7,133.88,56.75,67,6,5.75,clear sky
576,Kayerkan,RU,69.35,87.76,-22.2,84,24,4.03,few clouds
577,San Rafael Del Sur,NI,11.85,-86.44,83.32,71,88,9.42,overcast clouds
578,Dawson Creek,CA,55.77,-120.24,34.07,83,55,1.61,broken clouds
579,Olafsvik,IS,64.89,-23.71,44.4,80,52,7.83,broken clouds
580,Turbat,PK,26.0,63.04,76.1,26,0,6.33,clear sky
581,Bichura,RU,50.59,107.6,19.04,80,96,3.83,overcast clouds
582,Tahoua,NE,14.89,5.27,73.63,16,0,10.76,clear sky
583,Gamba,GA,-2.65,10.0,75.16,87,100,5.53,overcast clouds
584,Katherine,AU,-14.47,132.27,79.12,83,40,4.61,scattered clouds
585,Cave Spring,US,37.23,-80.01,49.21,53,40,6.91,scattered clouds
586,Etchojoa,MX,26.92,-109.63,82.27,50,51,8.52,broken clouds
587,Dhamtari,IN,20.71,81.55,58.05,68,1,2.53,clear sky
588,Jiehu,CN,35.54,118.46,41.95,55,6,3.11,clear sky
589,Oranjestad,AW,12.52,-70.03,84.15,83,40,14.97,scattered clouds
590,Nandyal,IN,15.48,78.48,71.22,92,62,2.73,broken clouds
591,Sistranda,NO,63.73,8.83,42.76,85,100,17.52,overcast clouds
592,Muravlenko,RU,63.79,74.52,-8.23,92,90,18.05,overcast clouds
593,La Victoria,VE,10.22,-67.33,76.8,88,100,1.32,overcast clouds
594,Moroni,KM,-11.7,43.26,76.95,79,2,4.88,clear sky
595,Ust-Maya,RU,60.42,134.53,-8.3,95,100,7.31,overcast clouds
596,Abu Samrah,SY,35.3,37.18,63.54,53,15,5.19,few clouds
597,Raga,SS,8.46,25.68,74.48,27,60,4.45,broken clouds
598,Aneza,GR,39.09,20.92,59.09,89,6,2.57,clear sky
599,Houma,US,29.6,-90.72,68.0,78,0,16.11,clear sky
600,Marzuq,YE,14.4,46.47,62.56,64,3,2.17,clear sky
601,Balkhash,KZ,46.84,74.98,40.73,88,100,28.72,overcast clouds
602,Niigata,JP,37.9,139.02,47.91,71,100,3.89,overcast clouds
603,Plastun,RU,44.76,136.29,22.64,77,6,7.05,clear sky
604,Northam,GB,51.03,-4.22,54.25,88,97,22.93,overcast clouds
605,Sinegorskiy,RU,48.01,40.84,32.59,72,2,6.49,clear sky
606,Terrace,CA,54.52,-128.6,38.93,82,100,0.81,overcast clouds
607,La Ferte-Bernard,FR,48.19,0.65,47.82,92,64,7.54,broken clouds
608,Mwanza,TZ,-2.52,32.9,70.74,73,80,2.62,light rain
609,Ucluelet,CA,48.93,-125.55,46.09,92,1,3.0,clear sky
610,Aswan,EG,24.09,32.91,70.56,39,0,10.63,clear sky
611,Verkhnevilyuysk,RU,63.45,120.32,-30.1,100,91,3.22,overcast clouds
612,Udachnyy,RU,66.42,112.4,-29.09,100,54,3.18,broken clouds
613,Puerto Madryn,AR,-42.77,-65.04,71.51,36,36,2.73,scattered clouds
614,Datong,CN,40.09,113.29,33.28,48,0,3.8,clear sky
615,Yazd,IR,31.9,54.37,50.11,57,0,4.61,clear sky
616,Ustka,PL,54.58,16.86,43.65,84,100,8.66,overcast clouds
617,Acarau,BR,-2.89,-40.12,80.26,78,93,16.44,overcast clouds
618,Sydney,AU,-33.87,151.21,68.49,62,20,9.22,few clouds
619,Unguia,CO,8.04,-77.09,81.25,88,93,2.19,overcast clouds
620,Orcopampa,PE,-15.27,-72.34,61.61,20,8,13.6,clear sky
621,El Carmen,CO,8.51,-73.45,72.7,95,85,2.24,overcast clouds
622,San Alberto,CO,7.76,-73.39,82.54,83,76,2.19,broken clouds
623,Raudeberg,NO,61.99,5.14,47.95,74,100,2.57,overcast clouds
624,Flin Flon,CA,54.77,-101.86,18.86,79,62,5.73,broken clouds
625,Pando,UY,-34.72,-55.95,64.49,94,75,10.36,broken clouds
626,Daru,PG,-9.08,143.21,80.1,84,100,4.65,moderate rain
627,Arandis,NA,-22.42,14.97,63.0,61,0,3.67,clear sky
628,Molnlycke,SE,57.66,12.12,47.61,86,100,4.61,overcast clouds
629,Gizo,SB,-8.1,156.84,82.98,76,36,5.75,scattered clouds
630,Magaria,NE,13.0,8.91,72.61,20,17,10.38,few clouds
631,Pringsewu,ID,-5.36,104.97,72.68,93,100,3.33,light rain
632,Norsup,VU,-16.07,167.38,81.73,72,0,1.19,clear sky
633,Lhokseumawe,ID,5.18,97.15,76.42,89,100,7.16,light rain
634,Ifo,NG,6.81,3.2,78.03,81,12,3.6,few clouds
635,Antsohihy,MG,-14.88,47.99,78.12,74,18,2.86,few clouds
636,Jaru,BR,-10.44,-62.47,89.55,49,99,2.82,overcast clouds
637,Pimentel,PE,-6.84,-79.93,66.43,80,59,15.1,broken clouds
638,Taloqan,AF,36.74,69.53,46.0,64,2,3.31,clear sky
639,Fox Lake,US,42.4,-88.18,40.91,53,100,3.0,overcast clouds
640,Yining,CN,29.04,114.56,50.25,94,94,1.01,overcast clouds
641,Rocha,UY,-34.48,-54.33,62.31,95,98,13.67,moderate rain
642,Saint-Ambroise,CA,48.55,-71.33,30.58,67,99,9.98,overcast clouds
643,Bani Walid,LY,31.76,13.99,63.27,68,1,5.75,clear sky
644,Ararat,AM,39.83,44.7,39.54,52,6,0.31,clear sky
645,San Juan,AR,-31.54,-68.54,84.94,16,0,5.88,clear sky
646,Bandarbeyla,SO,9.49,50.81,78.78,71,1,14.65,clear sky
647,Porosozero,RU,62.72,32.73,31.95,96,94,2.66,overcast clouds
648,Jiayuguan,CN,39.82,98.3,29.82,32,74,0.78,broken clouds
649,Camalu,MX,30.85,-116.07,64.69,44,57,7.18,broken clouds
650,Cruzeiro Do Sul,BR,-29.51,-51.99,75.25,49,0,10.07,clear sky
651,Zalantun,CN,48.0,122.72,18.14,83,2,4.18,clear sky
652,Belmonte,BR,-15.86,-38.88,77.41,86,82,9.66,broken clouds
653,Acari,PE,-15.43,-74.62,75.18,56,3,9.19,clear sky
654,Sorland,NO,67.67,12.69,44.46,67,7,15.43,clear sky
655,Yairipok,IN,24.67,94.07,54.1,94,7,1.54,clear sky
656,Sungaipenuh,ID,-2.08,101.38,62.2,97,100,1.5,overcast clouds
657,Dakar,SN,14.69,-17.44,77.88,68,100,14.18,overcast clouds
658,Soma,TR,39.19,27.61,47.23,91,14,7.52,few clouds
659,Juneau,US,58.3,-134.42,43.21,100,100,3.38,light snow
660,Matara,LK,5.95,80.54,73.35,92,100,2.28,overcast clouds
661,Acambay,MX,19.96,-99.84,70.48,26,27,6.46,scattered clouds
662,Fairbanks,US,64.84,-147.72,28.6,91,100,0.0,light snow
663,Mehamn,NO,71.04,27.85,39.15,87,75,16.11,light intensity shower rain
664,Manzhouli,CN,49.6,117.43,8.15,87,16,5.06,few clouds
665,Great Bend,US,38.36,-98.76,26.73,87,100,12.66,snow
666,Mozarlandia,BR,-14.74,-50.57,88.81,43,50,6.04,scattered clouds
667,Timmins,CA,48.47,-81.33,22.82,93,100,9.22,overcast clouds
668,Diveyevo,RU,55.04,43.24,28.15,76,83,13.82,broken clouds
669,Talnakh,RU,69.49,88.4,-23.76,87,26,4.27,scattered clouds
670,Guadalupe Victoria,MX,32.29,-115.1,68.07,15,99,10.49,overcast clouds
671,Manokwari,ID,-0.87,134.08,79.74,77,100,5.93,overcast clouds
672,Vila Do Maio,CV,15.13,-23.22,75.99,75,26,17.43,scattered clouds
